index;indeks;Price [PLN/MWh];Volume [MWh]
29.06.2019 00:00;TGePeak;254,91;61563,8
30.06.2019 00:00;TGePeak;214,21;40479,5
01.07.2019 00:00;TGePeak;260,03;51147,2
02.07.2019 00:00;TGePeak;229,33;49176,5
03.07.2019 00:00;TGePeak;229,81;54015,9
04.07.2019 00:00;TGePeak;232,11;53967,6
05.07.2019 00:00;TGePeak;213,86;54051,7
06.07.2019 00:00;TGePeak;234,39;49179,7
07.07.2019 00:00;TGePeak;134,73;43904,8
08.07.2019 00:00;TGePeak;227,26;52719
09.07.2019 00:00;TGePeak;224,86;55659,2
10.07.2019 00:00;TGePeak;245,09;45568,2
11.07.2019 00:00;TGePeak;272,79;52488
12.07.2019 00:00;TGePeak;288,07;48483,8
13.07.2019 00:00;TGePeak;242,72;61193
14.07.2019 00:00;TGePeak;189,96;40265,8
15.07.2019 00:00;TGePeak;273,22;50568,6
16.07.2019 00:00;TGePeak;254,26;53626
17.07.2019 00:00;TGePeak;246,89;55713,5
18.07.2019 00:00;TGePeak;274,85;57219
19.07.2019 00:00;TGePeak;279,01;50010,8
20.07.2019 00:00;TGePeak;257,64;61397,2
21.07.2019 00:00;TGePeak;206,8;40005,7
22.07.2019 00:00;TGePeak;268,46;43777,2
23.07.2019 00:00;TGePeak;276,05;42398,2
24.07.2019 00:00;TGePeak;300,6;45243,8
25.07.2019 00:00;TGePeak;303,72;44497,9
26.07.2019 00:00;TGePeak;286,84;47972,4
27.07.2019 00:00;TGePeak;249,56;57509,5
28.07.2019 00:00;TGePeak;217,41;42777,6
29.07.2019 00:00;TGePeak;316,47;51254,3
30.07.2019 00:00;TGePeak;314,61;53248,6
31.07.2019 00:00;TGePeak;302,17;54213,5
01.08.2019 00:00;TGePeak;304,34;49653,8
02.08.2019 00:00;TGePeak;289,09;54607,5
03.08.2019 00:00;TGePeak;282,49;55319,2
04.08.2019 00:00;TGePeak;240,53;42819,5
05.08.2019 00:00;TGePeak;306,82;44952,3
06.08.2019 00:00;TGePeak;292,24;51385,7
07.08.2019 00:00;TGePeak;300,02;44046,9
08.08.2019 00:00;TGePeak;287,21;44560,8
09.08.2019 00:00;TGePeak;288,1;40793,3
10.08.2019 00:00;TGePeak;257,79;53158,8
11.08.2019 00:00;TGePeak;232,59;37746,4
12.08.2019 00:00;TGePeak;298,11;41267,2
13.08.2019 00:00;TGePeak;292,34;41543,7
14.08.2019 00:00;TGePeak;287,93;43266,7
15.08.2019 00:00;TGePeak;243,56;42867,7
16.08.2019 00:00;TGePeak;275,6;49026,1
17.08.2019 00:00;TGePeak;261,4;41608,3
18.08.2019 00:00;TGePeak;221;35927,7
19.08.2019 00:00;TGePeak;299,67;43660,8
20.08.2019 00:00;TGePeak;300,99;39537,8
21.08.2019 00:00;TGePeak;296,03;42239,9
22.08.2019 00:00;TGePeak;314,28;46553,5
23.08.2019 00:00;TGePeak;302,06;47686,6
24.08.2019 00:00;TGePeak;266,36;54376,8
25.08.2019 00:00;TGePeak;229,09;36332,7
26.08.2019 00:00;TGePeak;295,81;42254,5
27.08.2019 00:00;TGePeak;303,58;43460,2
28.08.2019 00:00;TGePeak;304,45;46552,4
29.08.2019 00:00;TGePeak;316,58;54489,2
30.08.2019 00:00;TGePeak;325,35;59375,7
31.08.2019 00:00;TGePeak;269,08;54172,7
01.09.2019 00:00;TGePeak;224,01;52513,9
02.09.2019 00:00;TGePeak;285,34;52788,6
03.09.2019 00:00;TGePeak;286,46;49800,3
04.09.2019 00:00;TGePeak;287,32;50426
05.09.2019 00:00;TGePeak;278,77;54571,1
06.09.2019 00:00;TGePeak;285,92;51689,8
07.09.2019 00:00;TGePeak;270,38;59831,8
08.09.2019 00:00;TGePeak;225,85;44640,2
09.09.2019 00:00;TGePeak;261,15;50794,2
10.09.2019 00:00;TGePeak;236,62;63269,7
11.09.2019 00:00;TGePeak;249,15;51999,2
12.09.2019 00:00;TGePeak;249,22;53073,7
13.09.2019 00:00;TGePeak;236,35;58704,6
14.09.2019 00:00;TGePeak;234,73;51032,5
15.09.2019 00:00;TGePeak;154,96;54322,6
16.09.2019 00:00;TGePeak;236,62;60231,8
17.09.2019 00:00;TGePeak;233,37;65496,9
18.09.2019 00:00;TGePeak;253,33;54805,5
19.09.2019 00:00;TGePeak;283,66;35233,6
20.09.2019 00:00;TGePeak;293,5;37673,8
21.09.2019 00:00;TGePeak;247,11;48531,3
22.09.2019 00:00;TGePeak;226,79;37939,1
23.09.2019 00:00;TGePeak;289,83;33817,4
24.09.2019 00:00;TGePeak;300,42;33903,1
25.09.2019 00:00;TGePeak;298,08;39784,3
26.09.2019 00:00;TGePeak;316,29;50609,1
27.09.2019 00:00;TGePeak;299,23;37811
28.09.2019 00:00;TGePeak;268,39;47417,6
29.09.2019 00:00;TGePeak;214,93;42800
30.09.2019 00:00;TGePeak;247,95;65533,7
01.10.2019 00:00;TGePeak;245,42;49072
02.10.2019 00:00;TGePeak;261,86;42383,1
03.10.2019 00:00;TGePeak;259,39;51919,6
04.10.2019 00:00;TGePeak;279,17;50231,2
05.10.2019 00:00;TGePeak;233,72;57093,3
06.10.2019 00:00;TGePeak;195,54;51504,2
07.10.2019 00:00;TGePeak;272,71;49166,3
08.10.2019 00:00;TGePeak;241,04;50856,1
09.10.2019 00:00;TGePeak;260,61;43460,8
10.10.2019 00:00;TGePeak;251,11;50672,8
11.10.2019 00:00;TGePeak;226,48;64795,8
12.10.2019 00:00;TGePeak;190,02;60544,2
13.10.2019 00:00;TGePeak;189,59;48935,1
14.10.2019 00:00;TGePeak;247,08;55051,7
15.10.2019 00:00;TGePeak;241,19;59681,7
16.10.2019 00:00;TGePeak;235,32;60523,9
17.10.2019 00:00;TGePeak;250,94;53539,5
18.10.2019 00:00;TGePeak;255,42;47250,5
19.10.2019 00:00;TGePeak;239,2;53176,1
20.10.2019 00:00;TGePeak;203,54;40162,6
21.10.2019 00:00;TGePeak;280,17;47688,6
22.10.2019 00:00;TGePeak;279,33;53482,9
23.10.2019 00:00;TGePeak;283,29;56530,7
24.10.2019 00:00;TGePeak;259,97;56500
25.10.2019 00:00;TGePeak;264,96;47046
26.10.2019 00:00;TGePeak;226,47;47334,3
27.10.2019 00:00;TGePeak;193,57;52875,3
28.10.2019 00:00;TGePeak;280,25;46301,6
29.10.2019 00:00;TGePeak;284,28;51081,5
30.10.2019 00:00;TGePeak;298,12;59235,1
31.10.2019 00:00;TGePeak;271,24;50463,1
01.11.2019 00:00;TGePeak;171,83;58273,5
02.11.2019 00:00;TGePeak;204,62;52755,7
03.11.2019 00:00;TGePeak;205,04;48194,2
04.11.2019 00:00;TGePeak;253,51;57770
05.11.2019 00:00;TGePeak;257,64;54333,3
06.11.2019 00:00;TGePeak;289,16;48008,4
07.11.2019 00:00;TGePeak;272,83;64359,6
08.11.2019 00:00;TGePeak;247,63;55001,3
09.11.2019 00:00;TGePeak;218,47;50930,3
10.11.2019 00:00;TGePeak;203,89;47466,4
11.11.2019 00:00;TGePeak;204,53;38847,4
12.11.2019 00:00;TGePeak;237,88;56183
13.11.2019 00:00;TGePeak;254,97;53920,5
14.11.2019 00:00;TGePeak;250,34;56608,6
15.11.2019 00:00;TGePeak;225,83;61336,8
16.11.2019 00:00;TGePeak;220,99;52415,1
17.11.2019 00:00;TGePeak;200,31;42242,7
18.11.2019 00:00;TGePeak;244,31;55593,3
19.11.2019 00:00;TGePeak;246,82;67054,1
20.11.2019 00:00;TGePeak;262,01;53111,9
21.11.2019 00:00;TGePeak;240,61;70230,3
22.11.2019 00:00;TGePeak;231,65;69545,5
23.11.2019 00:00;TGePeak;197,56;61197,6
24.11.2019 00:00;TGePeak;187,67;51278,7
25.11.2019 00:00;TGePeak;248,85;57736,7
26.11.2019 00:00;TGePeak;251,32;56818
27.11.2019 00:00;TGePeak;276,11;63353,1
28.11.2019 00:00;TGePeak;239,48;64200,1
29.11.2019 00:00;TGePeak;228,4;62874,5
30.11.2019 00:00;TGePeak;249,7;57118,9
01.12.2019 00:00;TGePeak;207,86;48135,7
02.12.2019 00:00;TGePeak;245,18;54172,7
03.12.2019 00:00;TGePeak;254,8;56881,1
04.12.2019 00:00;TGePeak;249,89;63965,5
05.12.2019 00:00;TGePeak;241,78;58772
06.12.2019 00:00;TGePeak;229,74;53888,7
07.12.2019 00:00;TGePeak;184,21;60222,4
08.12.2019 00:00;TGePeak;154,18;60418,1
09.12.2019 00:00;TGePeak;236,45;66813,6
10.12.2019 00:00;TGePeak;244,8;56453,1
11.12.2019 00:00;TGePeak;240,67;59112,4
12.12.2019 00:00;TGePeak;251,76;55954,1
13.12.2019 00:00;TGePeak;235,68;63450,4
14.12.2019 00:00;TGePeak;198,01;55669,8
15.12.2019 00:00;TGePeak;149,9;52976,4
16.12.2019 00:00;TGePeak;241,08;45369,8
17.12.2019 00:00;TGePeak;236,67;48981,2
18.12.2019 00:00;TGePeak;233,53;53369,9
19.12.2019 00:00;TGePeak;238,15;55510,4
20.12.2019 00:00;TGePeak;221,64;64269,7
21.12.2019 00:00;TGePeak;231,81;60008,8
22.12.2019 00:00;TGePeak;204,85;50850,5
23.12.2019 00:00;TGePeak;205,59;51966,9
24.12.2019 00:00;TGePeak;159,36;88282,5
25.12.2019 00:00;TGePeak;155,27;56494,5
26.12.2019 00:00;TGePeak;173,74;60832,9
27.12.2019 00:00;TGePeak;207,96;72529,5
28.12.2019 00:00;TGePeak;199,02;56898,3
29.12.2019 00:00;TGePeak;181,38;55233,2
30.12.2019 00:00;TGePeak;156,66;88052,7
31.12.2019 00:00;TGePeak;148,67;90725,3
01.01.2020 00:00;TGePeak;151,66;62217,8
02.01.2020 00:00;TGePeak;186,88;53795,7
03.01.2020 00:00;TGePeak;175,73;64347,6
04.01.2020 00:00;TGePeak;161,47;52919,1
05.01.2020 00:00;TGePeak;166,53;47935,8
06.01.2020 00:00;TGePeak;189,21;45964,1
07.01.2020 00:00;TGePeak;226,95;45033,6
08.01.2020 00:00;TGePeak;202,45;47693,2
09.01.2020 00:00;TGePeak;241,77;46644,5
10.01.2020 00:00;TGePeak;209,1;50186,8
11.01.2020 00:00;TGePeak;237,4;59895,1
12.01.2020 00:00;TGePeak;141,27;51724,7
13.01.2020 00:00;TGePeak;248,89;43618,8
14.01.2020 00:00;TGePeak;223,03;52138,2
15.01.2020 00:00;TGePeak;198,05;57757,2
16.01.2020 00:00;TGePeak;247,18;52599,2
17.01.2020 00:00;TGePeak;224,57;46652,8
18.01.2020 00:00;TGePeak;225,62;56238
19.01.2020 00:00;TGePeak;200,69;45902,3
20.01.2020 00:00;TGePeak;245,51;50369,2
21.01.2020 00:00;TGePeak;207,5;53499,6
22.01.2020 00:00;TGePeak;220,43;52222,6
23.01.2020 00:00;TGePeak;243,5;51536,2
24.01.2020 00:00;TGePeak;228,32;47696,6
25.01.2020 00:00;TGePeak;214,42;57102,4
26.01.2020 00:00;TGePeak;187,56;38481,5
27.01.2020 00:00;TGePeak;250,82;45692,8
28.01.2020 00:00;TGePeak;228,9;38199,9
29.01.2020 00:00;TGePeak;214,68;41278,7
30.01.2020 00:00;TGePeak;227,92;38569,4
31.01.2020 00:00;TGePeak;205,6;45367,9
01.02.2020 00:00;TGePeak;200,81;45728,8
02.02.2020 00:00;TGePeak;141,26;56045,4
03.02.2020 00:00;TGePeak;244,74;42777,8
04.02.2020 00:00;TGePeak;225,49;38663,6
05.02.2020 00:00;TGePeak;215,04;42355,3
06.02.2020 00:00;TGePeak;195,14;44530,6
07.02.2020 00:00;TGePeak;243,22;51317,1
08.02.2020 00:00;TGePeak;229,77;56214,2
09.02.2020 00:00;TGePeak;134,58;56434,4
10.02.2020 00:00;TGePeak;215,22;59419,3
11.02.2020 00:00;TGePeak;212,18;54762,2
12.02.2020 00:00;TGePeak;206,35;52570,8
13.02.2020 00:00;TGePeak;256,14;42364,5
14.02.2020 00:00;TGePeak;259,74;59992,3
15.02.2020 00:00;TGePeak;203,47;54364,5
16.02.2020 00:00;TGePeak;110,1;65718,7
17.02.2020 00:00;TGePeak;186,12;59656,7
18.02.2020 00:00;TGePeak;176,51;63042,2
19.02.2020 00:00;TGePeak;199,49;58368,9
20.02.2020 00:00;TGePeak;229,04;57610,2
21.02.2020 00:00;TGePeak;178,98;63657,6
22.02.2020 00:00;TGePeak;143,27;61027,7
23.02.2020 00:00;TGePeak;152,92;60613
24.02.2020 00:00;TGePeak;222,64;55764,7
25.02.2020 00:00;TGePeak;198,64;57320,9
26.02.2020 00:00;TGePeak;217,33;48254,8
27.02.2020 00:00;TGePeak;228,37;47919,8
28.02.2020 00:00;TGePeak;202,21;54661,3
29.02.2020 00:00;TGePeak;144,16;58035,8
01.03.2020 00:00;TGePeak;151,15;56649,9
02.03.2020 00:00;TGePeak;238,41;55783,4
03.03.2020 00:00;TGePeak;220,79;54291,1
04.03.2020 00:00;TGePeak;229,46;57309,3
05.03.2020 00:00;TGePeak;236,99;64823,9
06.03.2020 00:00;TGePeak;195,19;55705,4
07.03.2020 00:00;TGePeak;192,76;61456,7
08.03.2020 00:00;TGePeak;175,36;52435,2
09.03.2020 00:00;TGePeak;259,5;58825,1
10.03.2020 00:00;TGePeak;231,43;52764,3
11.03.2020 00:00;TGePeak;200,69;60104,4
12.03.2020 00:00;TGePeak;164,37;62890,7
13.03.2020 00:00;TGePeak;142,91;63926,3
14.03.2020 00:00;TGePeak;190,29;58716,5
15.03.2020 00:00;TGePeak;104,66;54023
16.03.2020 00:00;TGePeak;188,57;53284,1
17.03.2020 00:00;TGePeak;188,36;55724,9
18.03.2020 00:00;TGePeak;169,37;61661,6
19.03.2020 00:00;TGePeak;191,59;53598,2
20.03.2020 00:00;TGePeak;181,76;55895,4
21.03.2020 00:00;TGePeak;130,63;52060,6
22.03.2020 00:00;TGePeak;108,76;48808,5
23.03.2020 00:00;TGePeak;162,03;57770,3
24.03.2020 00:00;TGePeak;162,41;65452,3
25.03.2020 00:00;TGePeak;159,19;64668,5
26.03.2020 00:00;TGePeak;163,36;61617,2
27.03.2020 00:00;TGePeak;168,15;60809,5
28.03.2020 00:00;TGePeak;174,26;53354,3
29.03.2020 00:00;TGePeak;84,87;60384,2
30.03.2020 00:00;TGePeak;169,31;56107,3
31.03.2020 00:00;TGePeak;176,56;59264,5
01.04.2020 00:00;TGePeak;144,25;65884,6
02.04.2020 00:00;TGePeak;143,94;63676,6
03.04.2020 00:00;TGePeak;129,95;66000
04.04.2020 00:00;TGePeak;154,54;54808,4
05.04.2020 00:00;TGePeak;137,46;47758,4
06.04.2020 00:00;TGePeak;174,97;53907,5
07.04.2020 00:00;TGePeak;169,33;51694,2
08.04.2020 00:00;TGePeak;184,9;49140,5
09.04.2020 00:00;TGePeak;160,27;62373,7
10.04.2020 00:00;TGePeak;172,08;56833,1
11.04.2020 00:00;TGePeak;187,4;40308,9
12.04.2020 00:00;TGePeak;127,19;42793,9
13.04.2020 00:00;TGePeak;105,33;59421,1
14.04.2020 00:00;TGePeak;156,81;59304,6
15.04.2020 00:00;TGePeak;147,3;59802,6
16.04.2020 00:00;TGePeak;150,05;54925,7
17.04.2020 00:00;TGePeak;162,11;54780,2
18.04.2020 00:00;TGePeak;163,07;52599,1
19.04.2020 00:00;TGePeak;137,48;38841,4
20.04.2020 00:00;TGePeak;166,01;50981,6
21.04.2020 00:00;TGePeak;170,16;48184,9
22.04.2020 00:00;TGePeak;175,68;48356
23.04.2020 00:00;TGePeak;191,22;52384,9
24.04.2020 00:00;TGePeak;167,91;54397,7
25.04.2020 00:00;TGePeak;165,69;40766,1
26.04.2020 00:00;TGePeak;171,58;41510,2
27.04.2020 00:00;TGePeak;195,95;50604,7
28.04.2020 00:00;TGePeak;178,12;55954,6
29.04.2020 00:00;TGePeak;172,76;54617,8
30.04.2020 00:00;TGePeak;169,46;53510,5
01.05.2020 00:00;TGePeak;143,23;48257,8
02.05.2020 00:00;TGePeak;176,04;50619,5
03.05.2020 00:00;TGePeak;156,15;42493,4
04.05.2020 00:00;TGePeak;208,15;45474,2
05.05.2020 00:00;TGePeak;192,19;55588,1
06.05.2020 00:00;TGePeak;167,4;54625,9
07.05.2020 00:00;TGePeak;187;52195,9
08.05.2020 00:00;TGePeak;199,76;55632,9
09.05.2020 00:00;TGePeak;186,63;49804,7
10.05.2020 00:00;TGePeak;157,94;43174,9
11.05.2020 00:00;TGePeak;176,21;55937,2
12.05.2020 00:00;TGePeak;181,73;50305
13.05.2020 00:00;TGePeak;193,35;53702,5
14.05.2020 00:00;TGePeak;198,44;45928,8
15.05.2020 00:00;TGePeak;193,37;53129
16.05.2020 00:00;TGePeak;162,56;44882,4
17.05.2020 00:00;TGePeak;89,7;50905,1
18.05.2020 00:00;TGePeak;191,58;55236,4
19.05.2020 00:00;TGePeak;189,9;53404
20.05.2020 00:00;TGePeak;206,54;49531,7
21.05.2020 00:00;TGePeak;202,09;51724,5
22.05.2020 00:00;TGePeak;199,76;55632,9
23.05.2020 00:00;TGePeak;181,02;50670,8
24.05.2020 00:00;TGePeak;167,27;48929,3
25.05.2020 00:00;TGePeak;206,71;56606,6
26.05.2020 00:00;TGePeak;208,27;51139,1
27.05.2020 00:00;TGePeak;207,85;48176
28.05.2020 00:00;TGePeak;206,2;47769
29.05.2020 00:00;TGePeak;184,56;61794
30.05.2020 00:00;TGePeak;169,56;57602,7
31.05.2020 00:00;TGePeak;149,47;58672,3
01.06.2020 00:00;TGePeak;201,02;60045,2
02.06.2020 00:00;TGePeak;211,38;51193,5
03.06.2020 00:00;TGePeak;207,16;46793,1
04.06.2020 00:00;TGePeak;216,06;42720,3
05.06.2020 00:00;TGePeak;200,1;53733
06.06.2020 00:00;TGePeak;177,26;50908,9
07.06.2020 00:00;TGePeak;181,64;50949
08.06.2020 00:00;TGePeak;236,25;40142,9
09.06.2020 00:00;TGePeak;226,87;41635,5
10.06.2020 00:00;TGePeak;229,75;39104,7
11.06.2020 00:00;TGePeak;201,71;40938,1
12.06.2020 00:00;TGePeak;214,21;56910,2
13.06.2020 00:00;TGePeak;205,59;47501,8
14.06.2020 00:00;TGePeak;183,33;48090,7
15.06.2020 00:00;TGePeak;240,51;42149,4
16.06.2020 00:00;TGePeak;250,69;42961,7
17.06.2020 00:00;TGePeak;237,85;49508,7
18.06.2020 00:00;TGePeak;232,51;54234,1
19.06.2020 00:00;TGePeak;256,07;51566,5
20.06.2020 00:00;TGePeak;226,48;52996
21.06.2020 00:00;TGePeak;200,97;41139,6
22.06.2020 00:00;TGePeak;250,55;45835,6
23.06.2020 00:00;TGePeak;284,42;49093,8
24.06.2020 00:00;TGePeak;262,83;50361,6
25.06.2020 00:00;TGePeak;275,65;43015,2
26.06.2020 00:00;TGePeak;278,28;42430,7
27.06.2020 00:00;TGePeak;243,45;59880,2
28.06.2020 00:00;TGePeak;213,67;50405,2
29.06.2020 00:00;TGePeak;266,34;51799,1
30.06.2020 00:00;TGePeak;239,1;45277,4
01.07.2020 00:00;TGePeak;243,8;53368,8
02.07.2020 00:00;TGePeak;243,46;56391,5
03.07.2020 00:00;TGePeak;256,84;49743,3
04.07.2020 00:00;TGePeak;222,62;50536,9
05.07.2020 00:00;TGePeak;184,37;52276,6
06.07.2020 00:00;TGePeak;224,79;46699
07.07.2020 00:00;TGePeak;227,15;53160,9
08.07.2020 00:00;TGePeak;233,59;54281,8
09.07.2020 00:00;TGePeak;250,36;53747,4
10.07.2020 00:00;TGePeak;235,74;55320,9
11.07.2020 00:00;TGePeak;223,12;53756,5
12.07.2020 00:00;TGePeak;198,52;50984,5
13.07.2020 00:00;TGePeak;238,06;50628,1
14.07.2020 00:00;TGePeak;244,86;56000,9
15.07.2020 00:00;TGePeak;240,03;49595
16.07.2020 00:00;TGePeak;229,18;55288,9
17.07.2020 00:00;TGePeak;238,09;53329,3
18.07.2020 00:00;TGePeak;238,76;56073,2
19.07.2020 00:00;TGePeak;190,75;51545
20.07.2020 00:00;TGePeak;248,86;48345,9
21.07.2020 00:00;TGePeak;227,51;49237,3
22.07.2020 00:00;TGePeak;223,09;55592,5
23.07.2020 00:00;TGePeak;233,72;49053,1
24.07.2020 00:00;TGePeak;244,42;48969,2
25.07.2020 00:00;TGePeak;232,13;51960,9
26.07.2020 00:00;TGePeak;187,22;50542,8
27.07.2020 00:00;TGePeak;262,12;43045,6
28.07.2020 00:00;TGePeak;224,33;45788,2
29.07.2020 00:00;TGePeak;220,22;47246,6
30.07.2020 00:00;TGePeak;224,24;47639,3
31.07.2020 00:00;TGePeak;220,31;54619,2
01.08.2020 00:00;TGePeak;238,53;49616,9
02.08.2020 00:00;TGePeak;196,87;40445,5
03.08.2020 00:00;TGePeak;252,43;45408,4
04.08.2020 00:00;TGePeak;225,48;49365,6
05.08.2020 00:00;TGePeak;243,15;45800,4
06.08.2020 00:00;TGePeak;253,92;50616,6
07.08.2020 00:00;TGePeak;250,3;48436,1
08.08.2020 00:00;TGePeak;265,43;59579,7
09.08.2020 00:00;TGePeak;237,12;40461,1
10.08.2020 00:00;TGePeak;264,12;45369,5
11.08.2020 00:00;TGePeak;264,81;48641
12.08.2020 00:00;TGePeak;259,95;41491,8
13.08.2020 00:00;TGePeak;258,21;44698,3
14.08.2020 00:00;TGePeak;239,69;47381,5
15.08.2020 00:00;TGePeak;190,89;43076,1
16.08.2020 00:00;TGePeak;198,12;40430,4
17.08.2020 00:00;TGePeak;270,34;42081,2
18.08.2020 00:00;TGePeak;278,65;45556,8
19.08.2020 00:00;TGePeak;282,05;44177,6
20.08.2020 00:00;TGePeak;283,27;45007,7
21.08.2020 00:00;TGePeak;279,87;42841
22.08.2020 00:00;TGePeak;257,53;59654,3
23.08.2020 00:00;TGePeak;184,72;44414,6
24.08.2020 00:00;TGePeak;253,17;40500,5
25.08.2020 00:00;TGePeak;267,89;42541,1
26.08.2020 00:00;TGePeak;231,24;44971,3
27.08.2020 00:00;TGePeak;250,22;49411,5
28.08.2020 00:00;TGePeak;251,91;40194,2
29.08.2020 00:00;TGePeak;242,48;62359,6
30.08.2020 00:00;TGePeak;212,04;44903,6
31.08.2020 00:00;TGePeak;287,89;42547,7
01.09.2020 00:00;TGePeak;284,17;49398
02.09.2020 00:00;TGePeak;272,58;49820,5
03.09.2020 00:00;TGePeak;246,2;51966
04.09.2020 00:00;TGePeak;253,25;51146,5
05.09.2020 00:00;TGePeak;240,27;53743,7
06.09.2020 00:00;TGePeak;210,79;46705,4
07.09.2020 00:00;TGePeak;262;51016,3
08.09.2020 00:00;TGePeak;228,56;53757,9
09.09.2020 00:00;TGePeak;233,78;52058,3
10.09.2020 00:00;TGePeak;251,16;55718,4
11.09.2020 00:00;TGePeak;264,85;48179,9
12.09.2020 00:00;TGePeak;239,28;60811,4
13.09.2020 00:00;TGePeak;199,34;44503,3
14.09.2020 00:00;TGePeak;268,98;46251,4
15.09.2020 00:00;TGePeak;306,6;45774,4
16.09.2020 00:00;TGePeak;292,83;52433
17.09.2020 00:00;TGePeak;256,57;48857,3
18.09.2020 00:00;TGePeak;275,51;52945,3
19.09.2020 00:00;TGePeak;253,92;62102,8
20.09.2020 00:00;TGePeak;205,42;52338
21.09.2020 00:00;TGePeak;316,62;45651,8
22.09.2020 00:00;TGePeak;293,41;40174,5
23.09.2020 00:00;TGePeak;277,49;45688,9
24.09.2020 00:00;TGePeak;286,88;41193,4
25.09.2020 00:00;TGePeak;259,17;38708
26.09.2020 00:00;TGePeak;220,82;44122,3
27.09.2020 00:00;TGePeak;193,7;43976,9
28.09.2020 00:00;TGePeak;318,29;37932,8
29.09.2020 00:00;TGePeak;303,34;54033,6
30.09.2020 00:00;TGePeak;270,13;47611,1
01.10.2020 00:00;TGePeak;292,62;52703
02.10.2020 00:00;TGePeak;287,74;48267,8
03.10.2020 00:00;TGePeak;196,33;49560
04.10.2020 00:00;TGePeak;196,61;44617,8
05.10.2020 00:00;TGePeak;280,59;43961,7
06.10.2020 00:00;TGePeak;244,91;45282,8
07.10.2020 00:00;TGePeak;328,35;59838,2
08.10.2020 00:00;TGePeak;276,83;52408,4
09.10.2020 00:00;TGePeak;274,95;62869,6
10.10.2020 00:00;TGePeak;249,33;58280,5
11.10.2020 00:00;TGePeak;224,43;50284,3
12.10.2020 00:00;TGePeak;280,49;51289
13.10.2020 00:00;TGePeak;269,52;49046,5
14.10.2020 00:00;TGePeak;223,65;49841,2
15.10.2020 00:00;TGePeak;289,09;56836,9
16.10.2020 00:00;TGePeak;307,53;59017,8
17.10.2020 00:00;TGePeak;271,5;73177,5
18.10.2020 00:00;TGePeak;194,92;44889,5
19.10.2020 00:00;TGePeak;290,54;51955,7
20.10.2020 00:00;TGePeak;283,62;51391,5
21.10.2020 00:00;TGePeak;254,02;52241
22.10.2020 00:00;TGePeak;231,18;54888
23.10.2020 00:00;TGePeak;268,71;61331,8
24.10.2020 00:00;TGePeak;251,36;59501,9
25.10.2020 00:00;TGePeak;205,36;46061,7
26.10.2020 00:00;TGePeak;271,27;51405,2
27.10.2020 00:00;TGePeak;275,92;52934,2
28.10.2020 00:00;TGePeak;256,8;51539,4
29.10.2020 00:00;TGePeak;246,81;53538,1
30.10.2020 00:00;TGePeak;273,97;52365,6
31.10.2020 00:00;TGePeak;264,23;70877,3
01.11.2020 00:00;TGePeak;182,02;59328,1
02.11.2020 00:00;TGePeak;227,44;57085,7
03.11.2020 00:00;TGePeak;294,29;64304,7
04.11.2020 00:00;TGePeak;275,02;60975,1
05.11.2020 00:00;TGePeak;262,09;60817,5
06.11.2020 00:00;TGePeak;296,68;59728,4
07.11.2020 00:00;TGePeak;271,76;69149
08.11.2020 00:00;TGePeak;246,06;60464,2
09.11.2020 00:00;TGePeak;305,28;76059,6
10.11.2020 00:00;TGePeak;304,69;57453,4
11.11.2020 00:00;TGePeak;258,73;56608,3
12.11.2020 00:00;TGePeak;309,23;57833,6
13.11.2020 00:00;TGePeak;295,91;55248,8
14.11.2020 00:00;TGePeak;269,08;73030,1
15.11.2020 00:00;TGePeak;219,04;43709,4
16.11.2020 00:00;TGePeak;268,97;50567,3
17.11.2020 00:00;TGePeak;274,94;55346,2
18.11.2020 00:00;TGePeak;262,07;54047,4
19.11.2020 00:00;TGePeak;225,81;59436,7
20.11.2020 00:00;TGePeak;247,64;52059
21.11.2020 00:00;TGePeak;238,56;59999
22.11.2020 00:00;TGePeak;183,94;51400,5
23.11.2020 00:00;TGePeak;239,06;41170,3
24.11.2020 00:00;TGePeak;269,35;42663,5
25.11.2020 00:00;TGePeak;302,45;57291,2
26.11.2020 00:00;TGePeak;303,09;48596,3
27.11.2020 00:00;TGePeak;324,45;57021,5
28.11.2020 00:00;TGePeak;289,38;79350,4
29.11.2020 00:00;TGePeak;241,98;60446
30.11.2020 00:00;TGePeak;328,6;54409,7
01.12.2020 00:00;TGePeak;326,15;49772,3
02.12.2020 00:00;TGePeak;354,53;61223,6
03.12.2020 00:00;TGePeak;311,71;56843,2
04.12.2020 00:00;TGePeak;296,66;52927,4
05.12.2020 00:00;TGePeak;234,1;54518
06.12.2020 00:00;TGePeak;213,79;45645,1
07.12.2020 00:00;TGePeak;275,67;48689,6
08.12.2020 00:00;TGePeak;330,23;58380,3
09.12.2020 00:00;TGePeak;340,09;60953,2
10.12.2020 00:00;TGePeak;358,48;67321,1
11.12.2020 00:00;TGePeak;331,65;71155,4
12.12.2020 00:00;TGePeak;301,53;79938
13.12.2020 00:00;TGePeak;279,59;66572,6
14.12.2020 00:00;TGePeak;376,81;65052,5
15.12.2020 00:00;TGePeak;333,59;64911,1
16.12.2020 00:00;TGePeak;377,34;83339,1
17.12.2020 00:00;TGePeak;340,82;68976,3
18.12.2020 00:00;TGePeak;339,89;70339,7
19.12.2020 00:00;TGePeak;293,12;70473,5
20.12.2020 00:00;TGePeak;244,14;54854,2
21.12.2020 00:00;TGePeak;316,68;51083,4
22.12.2020 00:00;TGePeak;263,74;50046,7
23.12.2020 00:00;TGePeak;309,78;58037,3
24.12.2020 00:00;TGePeak;186,19;66306,8
25.12.2020 00:00;TGePeak;214,74;52026,2
26.12.2020 00:00;TGePeak;201,08;50309,9
27.12.2020 00:00;TGePeak;169,54;54369,9
28.12.2020 00:00;TGePeak;235,95;56866
29.12.2020 00:00;TGePeak;238,77;57676
30.12.2020 00:00;TGePeak;249,68;63196
31.12.2020 00:00;TGePeak;248,9;51461
01.01.2021 00:00;TGePeak;203,15;45377,7
02.01.2021 00:00;TGePeak;262,75;53472
03.01.2021 00:00;TGePeak;189,95;45518,8
04.01.2021 00:00;TGePeak;272,18;58227,4
05.01.2021 00:00;TGePeak;273,74;46900,8
06.01.2021 00:00;TGePeak;250,48;56889,4
07.01.2021 00:00;TGePeak;329,1;65250
08.01.2021 00:00;TGePeak;306,89;51999,2
09.01.2021 00:00;TGePeak;289,04;83117
10.01.2021 00:00;TGePeak;239,1;60248,4
11.01.2021 00:00;TGePeak;272,7;57393,2
12.01.2021 00:00;TGePeak;269;55934,6
13.01.2021 00:00;TGePeak;279,54;58938,2
14.01.2021 00:00;TGePeak;313,96;65303,9
15.01.2021 00:00;TGePeak;328,34;61819,5
16.01.2021 00:00;TGePeak;276,36;66615,1
17.01.2021 00:00;TGePeak;270,18;64841,3
18.01.2021 00:00;TGePeak;314,93;74805,2
19.01.2021 00:00;TGePeak;289,63;57815
20.01.2021 00:00;TGePeak;277,29;52710,1
21.01.2021 00:00;TGePeak;276,7;52047,2
22.01.2021 00:00;TGePeak;274,17;53381,9
23.01.2021 00:00;TGePeak;257,99;67428
24.01.2021 00:00;TGePeak;259,15;57058,7
25.01.2021 00:00;TGePeak;320,94;62634
26.01.2021 00:00;TGePeak;292,11;53224,8
27.01.2021 00:00;TGePeak;298,5;64463,1
28.01.2021 00:00;TGePeak;281,49;58936,8
29.01.2021 00:00;TGePeak;285,15;71259,9
30.01.2021 00:00;TGePeak;266,11;76937,3
31.01.2021 00:00;TGePeak;225,86;54105,4
01.02.2021 00:00;TGePeak;296,03;63871,3
02.02.2021 00:00;TGePeak;282,98;72732,5
03.02.2021 00:00;TGePeak;271,89;74845,1
04.02.2021 00:00;TGePeak;277,07;70348
05.02.2021 00:00;TGePeak;287,12;77691
06.02.2021 00:00;TGePeak;272,54;73515,7
07.02.2021 00:00;TGePeak;188,11;58430,2
08.02.2021 00:00;TGePeak;281,9;50363,1
09.02.2021 00:00;TGePeak;335,15;71449,1
10.02.2021 00:00;TGePeak;352,68;86404,1
11.02.2021 00:00;TGePeak;349,88;69265,6
12.02.2021 00:00;TGePeak;327,74;69540,1
13.02.2021 00:00;TGePeak;273,08;66393,8
14.02.2021 00:00;TGePeak;225,6;45584,3
15.02.2021 00:00;TGePeak;322,45;69504,3
16.02.2021 00:00;TGePeak;330,57;69737,4
17.02.2021 00:00;TGePeak;318,6;57980,3
18.02.2021 00:00;TGePeak;329,32;66070,6
19.02.2021 00:00;TGePeak;306,95;61800,6
20.02.2021 00:00;TGePeak;299,99;76265,7
21.02.2021 00:00;TGePeak;231,21;54303,4
22.02.2021 00:00;TGePeak;313,78;70624,8
23.02.2021 00:00;TGePeak;289,48;72612,6
24.02.2021 00:00;TGePeak;264,81;66754,6
25.02.2021 00:00;TGePeak;253,52;63153,3
26.02.2021 00:00;TGePeak;251,19;65950,8
27.02.2021 00:00;TGePeak;273,9;73142
28.02.2021 00:00;TGePeak;224,68;50486
01.03.2021 00:00;TGePeak;301,25;69386
02.03.2021 00:00;TGePeak;300,1;63195,3
03.03.2021 00:00;TGePeak;300,35;64891,1
04.03.2021 00:00;TGePeak;293,21;63152,6
05.03.2021 00:00;TGePeak;300,89;69030,7
06.03.2021 00:00;TGePeak;259,54;64650
07.03.2021 00:00;TGePeak;222,22;54288,3
08.03.2021 00:00;TGePeak;322,65;68411,7
09.03.2021 00:00;TGePeak;342,06;76544,2
10.03.2021 00:00;TGePeak;326,61;69941,7
11.03.2021 00:00;TGePeak;234,09;57114,8
12.03.2021 00:00;TGePeak;235,87;53457,8
13.03.2021 00:00;TGePeak;220,67;63153,5
14.03.2021 00:00;TGePeak;217,51;61565,2
15.03.2021 00:00;TGePeak;326,46;62749,3
16.03.2021 00:00;TGePeak;332,06;57384,8
17.03.2021 00:00;TGePeak;324,1;54283,6
18.03.2021 00:00;TGePeak;332,96;57864,3
19.03.2021 00:00;TGePeak;308,34;50540,3
20.03.2021 00:00;TGePeak;311,4;66695,8
21.03.2021 00:00;TGePeak;237,44;51668,8
22.03.2021 00:00;TGePeak;319,83;55695,4
23.03.2021 00:00;TGePeak;334,42;56732,7
24.03.2021 00:00;TGePeak;331,64;63941,6
25.03.2021 00:00;TGePeak;329,53;57890,7
26.03.2021 00:00;TGePeak;313,99;56440,3
27.03.2021 00:00;TGePeak;245,31;44353,2
28.03.2021 00:00;TGePeak;221,02;35912,9
29.03.2021 00:00;TGePeak;298,39;53528,8
30.03.2021 00:00;TGePeak;284,56;47940,6
31.03.2021 00:00;TGePeak;287,82;54256,3
01.04.2021 00:00;TGePeak;271,52;58169,9
02.04.2021 00:00;TGePeak;245,43;60932,8
03.04.2021 00:00;TGePeak;237,08;44327,7
04.04.2021 00:00;TGePeak;220,1;52194,2
05.04.2021 00:00;TGePeak;135,8;62803,8
06.04.2021 00:00;TGePeak;258,32;46412,3
07.04.2021 00:00;TGePeak;276,64;45378,5
08.04.2021 00:00;TGePeak;290,92;51307,6
09.04.2021 00:00;TGePeak;282,36;53000,5
10.04.2021 00:00;TGePeak;281,84;61677,6
11.04.2021 00:00;TGePeak;238,73;42751,1
12.04.2021 00:00;TGePeak;300,33;56375,3
13.04.2021 00:00;TGePeak;309,67;60071
14.04.2021 00:00;TGePeak;314,99;58710,1
15.04.2021 00:00;TGePeak;304,95;54924,4
16.04.2021 00:00;TGePeak;319,23;62524,5
17.04.2021 00:00;TGePeak;291,4;69649,7
18.04.2021 00:00;TGePeak;273,24;54723,2
19.04.2021 00:00;TGePeak;322,12;56742,3
20.04.2021 00:00;TGePeak;326,65;59167,5
21.04.2021 00:00;TGePeak;301,66;55676,3
22.04.2021 00:00;TGePeak;273,23;58947
23.04.2021 00:00;TGePeak;279,55;55320,7
24.04.2021 00:00;TGePeak;277,18;61127,9
25.04.2021 00:00;TGePeak;248,99;48508,7
26.04.2021 00:00;TGePeak;320,5;61760,1
27.04.2021 00:00;TGePeak;322,59;57120,4
28.04.2021 00:00;TGePeak;313,24;57330,4
29.04.2021 00:00;TGePeak;317,13;51680,3
30.04.2021 00:00;TGePeak;322,56;55963,1
01.05.2021 00:00;TGePeak;276,47;47644,3
02.05.2021 00:00;TGePeak;245,24;45251,3
03.05.2021 00:00;TGePeak;281,28;46520,2
04.05.2021 00:00;TGePeak;259,13;56580,1
05.05.2021 00:00;TGePeak;251,8;49208,8
06.05.2021 00:00;TGePeak;298,01;53495,1
07.05.2021 00:00;TGePeak;331,6;52780
08.05.2021 00:00;TGePeak;288,33;50758,4
09.05.2021 00:00;TGePeak;219,19;46297,7
10.05.2021 00:00;TGePeak;292,36;57674,6
11.05.2021 00:00;TGePeak;332,43;57654,6
12.05.2021 00:00;TGePeak;333,57;46207,8
13.05.2021 00:00;TGePeak;315,23;52000,9
14.05.2021 00:00;TGePeak;339,62;52308,8
15.05.2021 00:00;TGePeak;339,67;57899,5
16.05.2021 00:00;TGePeak;298,53;45790,7
17.05.2021 00:00;TGePeak;360,53;48014,5
18.05.2021 00:00;TGePeak;349,45;47101,5
19.05.2021 00:00;TGePeak;354,69;50183,6
20.05.2021 00:00;TGePeak;325,79;53917,1
21.05.2021 00:00;TGePeak;280,04;61348,1
22.05.2021 00:00;TGePeak;272,01;51644,8
23.05.2021 00:00;TGePeak;259,29;40256,8
24.05.2021 00:00;TGePeak;305,71;50225,4
25.05.2021 00:00;TGePeak;320,37;40291,4
26.05.2021 00:00;TGePeak;323,48;46601,7
27.05.2021 00:00;TGePeak;347,27;45376,2
28.05.2021 00:00;TGePeak;350,62;51905,1
29.05.2021 00:00;TGePeak;288,42;48943,9
30.05.2021 00:00;TGePeak;259,41;55482,2
31.05.2021 00:00;TGePeak;340,06;51933,5
01.06.2021 00:00;TGePeak;356,7;48604,2
02.06.2021 00:00;TGePeak;341,75;46584,7
03.06.2021 00:00;TGePeak;282,68;40392,1
04.06.2021 00:00;TGePeak;333,9;43721
05.06.2021 00:00;TGePeak;294,07;46665,2
06.06.2021 00:00;TGePeak;259,23;48271,3
07.06.2021 00:00;TGePeak;364,14;40126,5
08.06.2021 00:00;TGePeak;360,29;36074,4
09.06.2021 00:00;TGePeak;355,76;38214
10.06.2021 00:00;TGePeak;355,64;41234,5
11.06.2021 00:00;TGePeak;356,67;48311,8
12.06.2021 00:00;TGePeak;275,35;39077,8
13.06.2021 00:00;TGePeak;225,53;54776,6
14.06.2021 00:00;TGePeak;364,02;45229,8
15.06.2021 00:00;TGePeak;399,38;50424,6
16.06.2021 00:00;TGePeak;400,71;52248,7
17.06.2021 00:00;TGePeak;394,66;54472
18.06.2021 00:00;TGePeak;385,46;50521,1
19.06.2021 00:00;TGePeak;351,06;59494,5
20.06.2021 00:00;TGePeak;289,52;49497,4
21.06.2021 00:00;TGePeak;386,44;50938,1
22.06.2021 00:00;TGePeak;418,79;58990,6
23.06.2021 00:00;TGePeak;437,23;60860,6
24.06.2021 00:00;TGePeak;437,39;60376,5
25.06.2021 00:00;TGePeak;417,02;61038
26.06.2021 00:00;TGePeak;365,89;70577,7
27.06.2021 00:00;TGePeak;314,42;50233,9
28.06.2021 00:00;TGePeak;417,87;56852,1
29.06.2021 00:00;TGePeak;417,64;64291,6
30.06.2021 00:00;TGePeak;409,49;59902,5
01.07.2021 00:00;TGePeak;398,03;54295,3
02.07.2021 00:00;TGePeak;411,6;48267,6
03.07.2021 00:00;TGePeak;382,77;63642,6
04.07.2021 00:00;TGePeak;360,31;53514,6
05.07.2021 00:00;TGePeak;448,89;55714,7
06.07.2021 00:00;TGePeak;414,74;59350,9
07.07.2021 00:00;TGePeak;426,18;53804,6
08.07.2021 00:00;TGePeak;440,67;56039,3
09.07.2021 00:00;TGePeak;408,39;48340,3
10.07.2021 00:00;TGePeak;368,31;62253,2
11.07.2021 00:00;TGePeak;335,98;50961,3
12.07.2021 00:00;TGePeak;413,09;51626,8
13.07.2021 00:00;TGePeak;408,99;56491,8
14.07.2021 00:00;TGePeak;409,39;58621
15.07.2021 00:00;TGePeak;420,93;62382
16.07.2021 00:00;TGePeak;421,54;61673,1
17.07.2021 00:00;TGePeak;364,29;60645,7
18.07.2021 00:00;TGePeak;293,7;49893,6
19.07.2021 00:00;TGePeak;402,51;48790,9
20.07.2021 00:00;TGePeak;404,86;48169,6
21.07.2021 00:00;TGePeak;403,01;45791,2
22.07.2021 00:00;TGePeak;402,05;49779,1
23.07.2021 00:00;TGePeak;403,88;46646,9
24.07.2021 00:00;TGePeak;366,9;56080,5
25.07.2021 00:00;TGePeak;306,91;48217,9
26.07.2021 00:00;TGePeak;391,33;48326,3
27.07.2021 00:00;TGePeak;395,67;50001,2
28.07.2021 00:00;TGePeak;401,63;53595,9
29.07.2021 00:00;TGePeak;376,57;43957,9
30.07.2021 00:00;TGePeak;357,42;46287,5
31.07.2021 00:00;TGePeak;332,41;46400
01.08.2021 00:00;TGePeak;306,64;43879,6
02.08.2021 00:00;TGePeak;369,56;51925,7
03.08.2021 00:00;TGePeak;434,67;48696,7
04.08.2021 00:00;TGePeak;452,96;50995,3
05.08.2021 00:00;TGePeak;396,66;49170,3
06.08.2021 00:00;TGePeak;379,33;48542,9
07.08.2021 00:00;TGePeak;331,2;52704,8
08.08.2021 00:00;TGePeak;285,67;49938,1
09.08.2021 00:00;TGePeak;393,66;47669
10.08.2021 00:00;TGePeak;401,79;46923,5
11.08.2021 00:00;TGePeak;399,65;46219,1
12.08.2021 00:00;TGePeak;401,01;48009,5
13.08.2021 00:00;TGePeak;399,15;41769,7
14.08.2021 00:00;TGePeak;344,51;55305,4
15.08.2021 00:00;TGePeak;306,65;51548,6
16.08.2021 00:00;TGePeak;394,32;46967,5
17.08.2021 00:00;TGePeak;355,07;59199,6
18.08.2021 00:00;TGePeak;375,89;64041,1
19.08.2021 00:00;TGePeak;419,29;68090,4
20.08.2021 00:00;TGePeak;427,5;45871
21.08.2021 00:00;TGePeak;396,23;62442,8
22.08.2021 00:00;TGePeak;341,54;39449,1
23.08.2021 00:00;TGePeak;405,01;53452,9
24.08.2021 00:00;TGePeak;414,12;50002
25.08.2021 00:00;TGePeak;401,13;54983,5
26.08.2021 00:00;TGePeak;431,73;45807
27.08.2021 00:00;TGePeak;448,68;45210,1
28.08.2021 00:00;TGePeak;405,58;56009,7
29.08.2021 00:00;TGePeak;372,71;43897,3
30.08.2021 00:00;TGePeak;441,34;47950,1
31.08.2021 00:00;TGePeak;426,8;69958,1
01.09.2021 00:00;TGePeak;442,46;57895,4
02.09.2021 00:00;TGePeak;456,67;54370,2
03.09.2021 00:00;TGePeak;427,47;49025,4
04.09.2021 00:00;TGePeak;448,61;57280,4
05.09.2021 00:00;TGePeak;399,95;63278,2
06.09.2021 00:00;TGePeak;444;38598
07.09.2021 00:00;TGePeak;446,06;40861,7
08.09.2021 00:00;TGePeak;438,03;39271,4
09.09.2021 00:00;TGePeak;422,54;38986,3
10.09.2021 00:00;TGePeak;461,01;39442,9
11.09.2021 00:00;TGePeak;463,45;49044,7
12.09.2021 00:00;TGePeak;450,54;58145,4
13.09.2021 00:00;TGePeak;539,78;43407
14.09.2021 00:00;TGePeak;587,99;48469,8
15.09.2021 00:00;TGePeak;471,75;49319,1
16.09.2021 00:00;TGePeak;546,26;49949,1
17.09.2021 00:00;TGePeak;571,32;49265,1
18.09.2021 00:00;TGePeak;540,19;69178,3
19.09.2021 00:00;TGePeak;462,86;62796,7
20.09.2021 00:00;TGePeak;528,74;46545,9
21.09.2021 00:00;TGePeak;530,45;58186,3
22.09.2021 00:00;TGePeak;539,39;52542,7
23.09.2021 00:00;TGePeak;430,8;60633,3
24.09.2021 00:00;TGePeak;420,15;66942,6
25.09.2021 00:00;TGePeak;503,75;95807
26.09.2021 00:00;TGePeak;508,32;87917
27.09.2021 00:00;TGePeak;476,02;46000,5
28.09.2021 00:00;TGePeak;597,48;47109,5
29.09.2021 00:00;TGePeak;523,89;62956,2
30.09.2021 00:00;TGePeak;566,54;41315,4
01.10.2021 00:00;TGePeak;489,41;36894,1
02.10.2021 00:00;TGePeak;471,24;46545,3
03.10.2021 00:00;TGePeak;303,44;56438,8
04.10.2021 00:00;TGePeak;549,18;38659,6
05.10.2021 00:00;TGePeak;518,11;64359,4
06.10.2021 00:00;TGePeak;641,86;36352,6
07.10.2021 00:00;TGePeak;754,71;36699,9
08.10.2021 00:00;TGePeak;693,08;42052,1
09.10.2021 00:00;TGePeak;596,82;55984,9
10.10.2021 00:00;TGePeak;474,69;50894,8
11.10.2021 00:00;TGePeak;597,29;34623,1
12.10.2021 00:00;TGePeak;658,42;36066,3
13.10.2021 00:00;TGePeak;751,24;39975,7
14.10.2021 00:00;TGePeak;694,13;39929,5
15.10.2021 00:00;TGePeak;442,28;48081,3
16.10.2021 00:00;TGePeak;478,19;54969
17.10.2021 00:00;TGePeak;467,5;53284,3
18.10.2021 00:00;TGePeak;623,96;44086,1
19.10.2021 00:00;TGePeak;569,52;37780,1
20.10.2021 00:00;TGePeak;378,78;53702,9
21.10.2021 00:00;TGePeak;376,37;59952,7
22.10.2021 00:00;TGePeak;364,84;64942,1
23.10.2021 00:00;TGePeak;510,42;68077,1
24.10.2021 00:00;TGePeak;454,44;45904,5
25.10.2021 00:00;TGePeak;544,4;46584,6
26.10.2021 00:00;TGePeak;606,86;41531,7
27.10.2021 00:00;TGePeak;581,22;41939,1
28.10.2021 00:00;TGePeak;634,82;41629,7
29.10.2021 00:00;TGePeak;576,22;37158,9
30.10.2021 00:00;TGePeak;474;47661,6
31.10.2021 00:00;TGePeak;370,83;42102,1
01.11.2021 00:00;TGePeak;355,11;42389,4
02.11.2021 00:00;TGePeak;610,51;43228
03.11.2021 00:00;TGePeak;634,41;43009
04.11.2021 00:00;TGePeak;520,59;56627,2
05.11.2021 00:00;TGePeak;437,22;50435,4
06.11.2021 00:00;TGePeak;379,35;47783,5
07.11.2021 00:00;TGePeak;259,06;63607,3
08.11.2021 00:00;TGePeak;616,04;40669,5
09.11.2021 00:00;TGePeak;634,29;43247,1
10.11.2021 00:00;TGePeak;636,46;48296,4
11.11.2021 00:00;TGePeak;648,12;61757,8
12.11.2021 00:00;TGePeak;678,92;40868,4
13.11.2021 00:00;TGePeak;700,55;54320,8
14.11.2021 00:00;TGePeak;600,03;53723,4
15.11.2021 00:00;TGePeak;627,19;43849
16.11.2021 00:00;TGePeak;686,56;44409,2
17.11.2021 00:00;TGePeak;621,18;44075,4
18.11.2021 00:00;TGePeak;532,42;53410,4
19.11.2021 00:00;TGePeak;466,3;58681,3
20.11.2021 00:00;TGePeak;487,55;52258,5
21.11.2021 00:00;TGePeak;615,3;49413
22.11.2021 00:00;TGePeak;768,43;56477,9
23.11.2021 00:00;TGePeak;783,97;47858,5
24.11.2021 00:00;TGePeak;919,54;51860,3
25.11.2021 00:00;TGePeak;726,57;43934,6
26.11.2021 00:00;TGePeak;870,6;55734,2
27.11.2021 00:00;TGePeak;823,95;66874,4
28.11.2021 00:00;TGePeak;842,15;62184,7
29.11.2021 00:00;TGePeak;659,95;47707,4
30.11.2021 00:00;TGePeak;589,46;37030,4
01.12.2021 00:00;TGePeak;666,28;44073
02.12.2021 00:00;TGePeak;685,69;62451
03.12.2021 00:00;TGePeak;660,62;40476
04.12.2021 00:00;TGePeak;1101,75;66353,8
05.12.2021 00:00;TGePeak;777,36;45407,3
06.12.2021 00:00;TGePeak;1337,22;59727,9
07.12.2021 00:00;TGePeak;1290,78;61226,2
08.12.2021 00:00;TGePeak;823,45;42895,6
09.12.2021 00:00;TGePeak;1265,37;52405
10.12.2021 00:00;TGePeak;1339,52;56026,3
11.12.2021 00:00;TGePeak;1360,57;85686,5
12.12.2021 00:00;TGePeak;1087,46;58221,2
13.12.2021 00:00;TGePeak;1634,88;67645,7
14.12.2021 00:00;TGePeak;1576,13;58478,8
15.12.2021 00:00;TGePeak;1177,65;51524,7
16.12.2021 00:00;TGePeak;797,87;42374,1
17.12.2021 00:00;TGePeak;816,13;40082,6
18.12.2021 00:00;TGePeak;866,94;56601,1
19.12.2021 00:00;TGePeak;435,73;57496,9
20.12.2021 00:00;TGePeak;874,15;42047,7
21.12.2021 00:00;TGePeak;1747,73;56992,7
22.12.2021 00:00;TGePeak;2036,21;61921,3
23.12.2021 00:00;TGePeak;1124,74;43343,7
24.12.2021 00:00;TGePeak;547,03;79145,8
25.12.2021 00:00;TGePeak;525,67;67420,2
26.12.2021 00:00;TGePeak;760,4;71932,2
27.12.2021 00:00;TGePeak;556,19;44776,1
28.12.2021 00:00;TGePeak;477,73;49315,4
29.12.2021 00:00;TGePeak;805,33;37929
30.12.2021 00:00;TGePeak;580,19;40894,8
31.12.2021 00:00;TGePeak;387,54;64606,2
01.01.2022 00:00;TGePeak;449,17;53552,2
02.01.2022 00:00;TGePeak;404,15;45132
03.01.2022 00:00;TGePeak;508,09;41267,6
04.01.2022 00:00;TGePeak;895,3;52700,3
05.01.2022 00:00;TGePeak;562,2;51663,3
06.01.2022 00:00;TGePeak;765,02;72350,6
07.01.2022 00:00;TGePeak;650,81;38875,5
08.01.2022 00:00;TGePeak;863,46;61879,6
09.01.2022 00:00;TGePeak;697,72;43582,1
10.01.2022 00:00;TGePeak;1366,97;55283,9
11.01.2022 00:00;TGePeak;1425,72;64448
12.01.2022 00:00;TGePeak;1184,86;56177,5
13.01.2022 00:00;TGePeak;569,08;60387
14.01.2022 00:00;TGePeak;537,79;52747,8
15.01.2022 00:00;TGePeak;1063,3;60762,2
16.01.2022 00:00;TGePeak;472;44755,6
17.01.2022 00:00;TGePeak;542,21;61150,8
18.01.2022 00:00;TGePeak;1029,92;49855,2
19.01.2022 00:00;TGePeak;620,02;44711,4
20.01.2022 00:00;TGePeak;509,47;65899,7
21.01.2022 00:00;TGePeak;514,81;52387,1
22.01.2022 00:00;TGePeak;838,6;59766,5
23.01.2022 00:00;TGePeak;843,15;53861,1
24.01.2022 00:00;TGePeak;1016,84;52925
25.01.2022 00:00;TGePeak;927,36;54332,4
26.01.2022 00:00;TGePeak;813,65;46901,9
27.01.2022 00:00;TGePeak;536,08;54561,6
28.01.2022 00:00;TGePeak;551,89;50764,4
29.01.2022 00:00;TGePeak;553,25;55748,9
30.01.2022 00:00;TGePeak;423,34;71841,8
31.01.2022 00:00;TGePeak;1173,36;67957,7
01.02.2022 00:00;TGePeak;739,07;47193,9
02.02.2022 00:00;TGePeak;713,07;48165,5
03.02.2022 00:00;TGePeak;961,56;60272
04.02.2022 00:00;TGePeak;740,75;52621,2
05.02.2022 00:00;TGePeak;740,75;52621,2
06.02.2022 00:00;TGePeak;463,47;59888,9
07.02.2022 00:00;TGePeak;564,72;53552,6
08.02.2022 00:00;TGePeak;564,72;53552,6
09.02.2022 00:00;TGePeak;618,27;46485,6
10.02.2022 00:00;TGePeak;694,93;46303,7
11.02.2022 00:00;TGePeak;649,47;41370,6
12.02.2022 00:00;TGePeak;649,47;41370,6
13.02.2022 00:00;TGePeak;416,36;52137,7
14.02.2022 00:00;TGePeak;509,56;49249,7
15.02.2022 00:00;TGePeak;509,56;49249,7
16.02.2022 00:00;TGePeak;487,14;48760,2
17.02.2022 00:00;TGePeak;457,96;60377,2
18.02.2022 00:00;TGePeak;485,6;59869,6
19.02.2022 00:00;TGePeak;399,52;62582,4
20.02.2022 00:00;TGePeak;430,01;50478,8
21.02.2022 00:00;TGePeak;475,88;65657
22.02.2022 00:00;TGePeak;573,91;55956,4
23.02.2022 00:00;TGePeak;534,97;65428,3
24.02.2022 00:00;TGePeak;504,72;52421,3
25.02.2022 00:00;TGePeak;523,3;50280,5
26.02.2022 00:00;TGePeak;702,43;69250,7
27.02.2022 00:00;TGePeak;566,75;46899,6
28.02.2022 00:00;TGePeak;746,84;47471,9
01.03.2022 00:00;TGePeak;723,97;50106,5
02.03.2022 00:00;TGePeak;756,81;52970
03.03.2022 00:00;TGePeak;724,22;49954,1
04.03.2022 00:00;TGePeak;786,52;58436,1
05.03.2022 00:00;TGePeak;831,79;76440,6
06.03.2022 00:00;TGePeak;689,31;64248,1
07.03.2022 00:00;TGePeak;695,29;52925,8
08.03.2022 00:00;TGePeak;972,25;61270,1
09.03.2022 00:00;TGePeak;911,67;56738,2
10.03.2022 00:00;TGePeak;674,73;46968,5
11.03.2022 00:00;TGePeak;570,52;48773,4
12.03.2022 00:00;TGePeak;673,97;49698
13.03.2022 00:00;TGePeak;470,82;48923,6
14.03.2022 00:00;TGePeak;802,3;50261,7
15.03.2022 00:00;TGePeak;1014,21;54542,6
16.03.2022 00:00;TGePeak;819,74;50855,9
17.03.2022 00:00;TGePeak;644,18;59919
18.03.2022 00:00;TGePeak;792,44;53980,7
19.03.2022 00:00;TGePeak;627,3;54678,2
20.03.2022 00:00;TGePeak;456,42;51894
21.03.2022 00:00;TGePeak;672,45;46127,1
22.03.2022 00:00;TGePeak;715,82;51277,4
23.03.2022 00:00;TGePeak;668,79;51143
24.03.2022 00:00;TGePeak;654,22;56317,5
25.03.2022 00:00;TGePeak;581,75;50430,5
26.03.2022 00:00;TGePeak;575,86;61356
27.03.2022 00:00;TGePeak;479,22;48942,6
28.03.2022 00:00;TGePeak;460,43;78543,9
29.03.2022 00:00;TGePeak;700,52;41902,4
30.03.2022 00:00;TGePeak;788,8;44313,6
31.03.2022 00:00;TGePeak;540,09;40889,9
01.04.2022 00:00;TGePeak;480,48;64136,5
02.04.2022 00:00;TGePeak;576,94;90437,3
03.04.2022 00:00;TGePeak;487,06;56526
04.04.2022 00:00;TGePeak;425,32;67687,9
05.04.2022 00:00;TGePeak;569,23;60247,8
06.04.2022 00:00;TGePeak;563,43;58057,1
07.04.2022 00:00;TGePeak;434,36;61123,1
08.04.2022 00:00;TGePeak;501,71;69559,6
09.04.2022 00:00;TGePeak;429,56;62188,8
10.04.2022 00:00;TGePeak;285,44;68640,1
11.04.2022 00:00;TGePeak;671,16;45797,1
12.04.2022 00:00;TGePeak;691,43;51876,4
13.04.2022 00:00;TGePeak;611,22;58037,8
14.04.2022 00:00;TGePeak;775,36;51853,6
15.04.2022 00:00;TGePeak;646,93;46844,4
16.04.2022 00:00;TGePeak;540,42;58692,6
17.04.2022 00:00;TGePeak;388,06;57659,2
18.04.2022 00:00;TGePeak;468,77;58393,8
19.04.2022 00:00;TGePeak;756,3;46433,3
20.04.2022 00:00;TGePeak;673,15;46084,9
21.04.2022 00:00;TGePeak;687,03;46972,4
22.04.2022 00:00;TGePeak;563,22;44963,9
23.04.2022 00:00;TGePeak;558,54;53001,2
24.04.2022 00:00;TGePeak;455,75;52369,9
25.04.2022 00:00;TGePeak;792,85;48830,5
26.04.2022 00:00;TGePeak;771,32;51543,6
27.04.2022 00:00;TGePeak;715,29;46914,3
28.04.2022 00:00;TGePeak;750,64;46961
29.04.2022 00:00;TGePeak;826,13;59584,1
30.04.2022 00:00;TGePeak;687,11;39976
01.05.2022 00:00;TGePeak;542,95;53642,7
02.05.2022 00:00;TGePeak;534,86;47056,7
03.05.2022 00:00;TGePeak;516,78;55548,7
04.05.2022 00:00;TGePeak;673,53;40355,9
05.05.2022 00:00;TGePeak;784,78;42041,5
06.05.2022 00:00;TGePeak;764,17;47483,9
07.05.2022 00:00;TGePeak;675,14;39436,7
08.05.2022 00:00;TGePeak;542,21;53381,7
09.05.2022 00:00;TGePeak;671,63;43733,3
10.05.2022 00:00;TGePeak;599,02;48367,2
11.05.2022 00:00;TGePeak;599,56;43331
12.05.2022 00:00;TGePeak;478,18;69663,5
13.05.2022 00:00;TGePeak;561,8;46300,9
14.05.2022 00:00;TGePeak;525,71;64613,4
15.05.2022 00:00;TGePeak;535,27;54318,9
16.05.2022 00:00;TGePeak;733,57;45027,3
17.05.2022 00:00;TGePeak;807,1;44300,9
18.05.2022 00:00;TGePeak;771,7;54628,8
19.05.2022 00:00;TGePeak;688,96;48895,3
20.05.2022 00:00;TGePeak;674,46;48665,8
21.05.2022 00:00;TGePeak;408,2;70554
22.05.2022 00:00;TGePeak;627,05;65552
23.05.2022 00:00;TGePeak;797,3;39724,9
24.05.2022 00:00;TGePeak;800,73;55598,3
25.05.2022 00:00;TGePeak;934,09;58717,1
26.05.2022 00:00;TGePeak;466,8;69732,1
27.05.2022 00:00;TGePeak;470,91;61478,8
28.05.2022 00:00;TGePeak;473,22;56832,5
29.05.2022 00:00;TGePeak;609,91;43783,8
30.05.2022 00:00;TGePeak;905,73;41432,7
31.05.2022 00:00;TGePeak;788,7;44837,9
01.06.2022 00:00;TGePeak;860,79;47368,1
02.06.2022 00:00;TGePeak;697,17;43048,9
03.06.2022 00:00;TGePeak;768,08;49339,4
04.06.2022 00:00;TGePeak;833,61;63765,1
05.06.2022 00:00;TGePeak;571,86;47217,9
06.06.2022 00:00;TGePeak;717,35;42758,7
07.06.2022 00:00;TGePeak;1011,98;57975,6
08.06.2022 00:00;TGePeak;1039,7;57110,8
09.06.2022 00:00;TGePeak;988,66;47674,5
10.06.2022 00:00;TGePeak;811,16;43426
11.06.2022 00:00;TGePeak;651,84;45221,8
12.06.2022 00:00;TGePeak;492,64;60087
13.06.2022 00:00;TGePeak;813,15;37982,2
14.06.2022 00:00;TGePeak;596,81;49760,5
15.06.2022 00:00;TGePeak;944,86;43548,3
16.06.2022 00:00;TGePeak;623,34;52810,7
17.06.2022 00:00;TGePeak;871,64;49451,4
18.06.2022 00:00;TGePeak;698,74;39916,4
19.06.2022 00:00;TGePeak;404,24;56982,9
20.06.2022 00:00;TGePeak;1127,56;37215,1
21.06.2022 00:00;TGePeak;727,2;49037,4
22.06.2022 00:00;TGePeak;957,63;47735,9
23.06.2022 00:00;TGePeak;1066,36;44950,6
24.06.2022 00:00;TGePeak;660,62;48579,5
25.06.2022 00:00;TGePeak;699,63;41369,6
26.06.2022 00:00;TGePeak;659,25;63731
27.06.2022 00:00;TGePeak;1063,33;42765,2
28.06.2022 00:00;TGePeak;1253,19;41557,5
29.06.2022 00:00;TGePeak;1309,5;45903,8
30.06.2022 00:00;TGePeak;1416,2;49089,3
01.07.2022 00:00;TGePeak;1237,9;42890
02.07.2022 00:00;TGePeak;1035,46;47043,1
03.07.2022 00:00;TGePeak;740,97;40330,1
04.07.2022 00:00;TGePeak;1520,05;51477
05.07.2022 00:00;TGePeak;1709,85;54886,2
06.07.2022 00:00;TGePeak;1230,76;46152,6
07.07.2022 00:00;TGePeak;1467;49216,9
08.07.2022 00:00;TGePeak;1230,06;47194,7
09.07.2022 00:00;TGePeak;647,94;45083,3
10.07.2022 00:00;TGePeak;471,82;46029,2
11.07.2022 00:00;TGePeak;1346,74;37923,3
12.07.2022 00:00;TGePeak;608,54;50547,1
13.07.2022 00:00;TGePeak;753;43581,5
14.07.2022 00:00;TGePeak;793,79;47581,3
15.07.2022 00:00;TGePeak;664,87;53783,5
16.07.2022 00:00;TGePeak;606,28;48036,9
17.07.2022 00:00;TGePeak;630,63;44076,6
18.07.2022 00:00;TGePeak;1421,01;38535,5
19.07.2022 00:00;TGePeak;1345,82;48483,9
20.07.2022 00:00;TGePeak;1171,28;45459,7
21.07.2022 00:00;TGePeak;1180,87;44939,6
22.07.2022 00:00;TGePeak;1489,15;46639,2
23.07.2022 00:00;TGePeak;1479,53;48631,9
24.07.2022 00:00;TGePeak;703,36;38510,8
25.07.2022 00:00;TGePeak;1088,41;40251,1
26.07.2022 00:00;TGePeak;1296,23;47211,9
27.07.2022 00:00;TGePeak;1074,2;40514,3
28.07.2022 00:00;TGePeak;1453,84;41248,3
29.07.2022 00:00;TGePeak;1412,59;47730,4
30.07.2022 00:00;TGePeak;1319,63;49962,8
31.07.2022 00:00;TGePeak;699,06;39212,8
01.08.2022 00:00;TGePeak;1404,38;39563,1
02.08.2022 00:00;TGePeak;1237,25;38632,6
03.08.2022 00:00;TGePeak;935,27;42813,9
04.08.2022 00:00;TGePeak;794,65;41745,9
05.08.2022 00:00;TGePeak;883,57;36675,2
06.08.2022 00:00;TGePeak;750,15;40685
07.08.2022 00:00;TGePeak;667,37;39241,7
08.08.2022 00:00;TGePeak;1270,97;47641,8
09.08.2022 00:00;TGePeak;1232,91;37830,5
10.08.2022 00:00;TGePeak;1206,19;46287
11.08.2022 00:00;TGePeak;1082,97;37692,4
12.08.2022 00:00;TGePeak;1080,7;45902,5
13.08.2022 00:00;TGePeak;1194,4;53884,8
14.08.2022 00:00;TGePeak;729,75;42915,5
15.08.2022 00:00;TGePeak;740,33;43539,1
16.08.2022 00:00;TGePeak;1466,17;51074,6
17.08.2022 00:00;TGePeak;1764,06;48837,8
18.08.2022 00:00;TGePeak;1835,6;48004,1
19.08.2022 00:00;TGePeak;1837,45;49969
20.08.2022 00:00;TGePeak;1704,29;55805,8
21.08.2022 00:00;TGePeak;1070,51;40245,1
22.08.2022 00:00;TGePeak;1932,09;44739,1
23.08.2022 00:00;TGePeak;2273,88;55065,2
24.08.2022 00:00;TGePeak;2151,06;54503,8
25.08.2022 00:00;TGePeak;1931,22;56505
26.08.2022 00:00;TGePeak;1922,35;59116,2
27.08.2022 00:00;TGePeak;1984,35;58155,9
28.08.2022 00:00;TGePeak;1239,47;38416,8
29.08.2022 00:00;TGePeak;1244,17;46330,6
30.08.2022 00:00;TGePeak;1679,85;50704,8
31.08.2022 00:00;TGePeak;1707,46;50493
01.09.2022 00:00;TGePeak;1683,71;49814,4
02.09.2022 00:00;TGePeak;1271,84;46103,4
03.09.2022 00:00;TGePeak;961,83;39219
04.09.2022 00:00;TGePeak;759,67;38182,9
05.09.2022 00:00;TGePeak;1200,53;39326,2
06.09.2022 00:00;TGePeak;920,04;42990,6
07.09.2022 00:00;TGePeak;719,53;39162,6
08.09.2022 00:00;TGePeak;479,63;51323,2
09.09.2022 00:00;TGePeak;745,84;52513,5
10.09.2022 00:00;TGePeak;1041,91;58951,6
11.09.2022 00:00;TGePeak;686,15;38658,3
12.09.2022 00:00;TGePeak;904,51;49544,1
13.09.2022 00:00;TGePeak;771,86;41368,8
14.09.2022 00:00;TGePeak;709,19;49960,5
15.09.2022 00:00;TGePeak;688,27;45166,9
16.09.2022 00:00;TGePeak;478,57;54938,7
17.09.2022 00:00;TGePeak;734,1;44408,6
18.09.2022 00:00;TGePeak;571,67;38183,8
19.09.2022 00:00;TGePeak;777,85;48536,1
20.09.2022 00:00;TGePeak;1003,22;50020,5
21.09.2022 00:00;TGePeak;1017,33;56609,9
22.09.2022 00:00;TGePeak;989;58890,3
23.09.2022 00:00;TGePeak;966,48;59402,8
24.09.2022 00:00;TGePeak;1058,22;57093,8
25.09.2022 00:00;TGePeak;821,08;39604,2
26.09.2022 00:00;TGePeak;1041,32;55341,1
27.09.2022 00:00;TGePeak;962,66;48956
28.09.2022 00:00;TGePeak;932,44;50244,4
29.09.2022 00:00;TGePeak;1192,61;61044
30.09.2022 00:00;TGePeak;1099,67;75057
01.10.2022 00:00;TGePeak;723,22;40276,6
02.10.2022 00:00;TGePeak;368,17;58880,6
03.10.2022 00:00;TGePeak;520,61;56414,8
04.10.2022 00:00;TGePeak;798,84;47482,9
05.10.2022 00:00;TGePeak;682,74;41414,3
06.10.2022 00:00;TGePeak;500,77;56021,7
07.10.2022 00:00;TGePeak;644,31;47803,8
08.10.2022 00:00;TGePeak;681,31;44649,8
09.10.2022 00:00;TGePeak;586,16;45312,8
10.10.2022 00:00;TGePeak;518,63;56480,5
11.10.2022 00:00;TGePeak;763,47;49431
12.10.2022 00:00;TGePeak;1043,72;62044
13.10.2022 00:00;TGePeak;715,18;48073
14.10.2022 00:00;TGePeak;884;49352,5
15.10.2022 00:00;TGePeak;735,27;47216,8
16.10.2022 00:00;TGePeak;564,94;48322,4
17.10.2022 00:00;TGePeak;716,17;47521,7
18.10.2022 00:00;TGePeak;796,56;48139,7
19.10.2022 00:00;TGePeak;713,54;48462,7
20.10.2022 00:00;TGePeak;724,16;47826,5
21.10.2022 00:00;TGePeak;749,21;41945,8
22.10.2022 00:00;TGePeak;872,91;60539,3
23.10.2022 00:00;TGePeak;580,52;44220,4
24.10.2022 00:00;TGePeak;736,98;43503,1
25.10.2022 00:00;TGePeak;737,35;44037
26.10.2022 00:00;TGePeak;732,98;52875,9
27.10.2022 00:00;TGePeak;753,51;49419,9
28.10.2022 00:00;TGePeak;668,45;45904,5
29.10.2022 00:00;TGePeak;566,25;48085
30.10.2022 00:00;TGePeak;562,89;48442,9
31.10.2022 00:00;TGePeak;562,89;48442,9
01.11.2022 00:00;TGePeak;677,51;49763,3
02.11.2022 00:00;TGePeak;509,57;32726,1
03.11.2022 00:00;TGePeak;671,68;38512,1
04.11.2022 00:00;TGePeak;642,5;43684
05.11.2022 00:00;TGePeak;690,07;41413,9
06.11.2022 00:00;TGePeak;720,87;58485,6
07.11.2022 00:00;TGePeak;477,91;34906,1
08.11.2022 00:00;TGePeak;678,28;40527
09.11.2022 00:00;TGePeak;686,95;46811,8
10.11.2022 00:00;TGePeak;738,87;45589,5
11.11.2022 00:00;TGePeak;773,95;45568,2
12.11.2022 00:00;TGePeak;646,3;44362,2
13.11.2022 00:00;TGePeak;837,36;56267,9
14.11.2022 00:00;TGePeak;738,62;43683,3
15.11.2022 00:00;TGePeak;839,04;40988,8
16.11.2022 00:00;TGePeak;925,19;56279,8
17.11.2022 00:00;TGePeak;839,62;41778,5
18.11.2022 00:00;TGePeak;893,28;46661,7
19.11.2022 00:00;TGePeak;926,77;51533,4
20.11.2022 00:00;TGePeak;968,26;64875,3
21.11.2022 00:00;TGePeak;905,2;50508,4
22.11.2022 00:00;TGePeak;1063,79;62733,6
23.11.2022 00:00;TGePeak;986,34;58188,6
24.11.2022 00:00;TGePeak;1153,35;67281,1
25.11.2022 00:00;TGePeak;1343,29;81782,8
26.11.2022 00:00;TGePeak;1378,43;88240,2
27.11.2022 00:00;TGePeak;1294,57;84950,2
28.11.2022 00:00;TGePeak;988,32;55571,5
29.11.2022 00:00;TGePeak;1051,12;64377,1
30.11.2022 00:00;TGePeak;1099,48;64348,9
01.12.2022 00:00;TGePeak;1118,06;73561,3
02.12.2022 00:00;TGePeak;1201,41;68954,8
03.12.2022 00:00;TGePeak;1125,52;68590,2
04.12.2022 00:00;TGePeak;1124,4;68116,9
05.12.2022 00:00;TGePeak;791,07;39802,5
06.12.2022 00:00;TGePeak;1089,96;60412
07.12.2022 00:00;TGePeak;1152,73;72712,9
08.12.2022 00:00;TGePeak;883,05;48139,4
09.12.2022 00:00;TGePeak;1080,87;56928,6
10.12.2022 00:00;TGePeak;1177,9;69009,5
11.12.2022 00:00;TGePeak;1223,63;77654,8
12.12.2022 00:00;TGePeak;872,61;39458,3
13.12.2022 00:00;TGePeak;836,72;42386,9
14.12.2022 00:00;TGePeak;1033,43;56179,7
15.12.2022 00:00;TGePeak;1049,25;56617,1
16.12.2022 00:00;TGePeak;1158,84;64793,7
17.12.2022 00:00;TGePeak;1152,69;71315,8
18.12.2022 00:00;TGePeak;1239,18;82898,2
19.12.2022 00:00;TGePeak;889,38;47223,4
20.12.2022 00:00;TGePeak;744,31;51801,3
21.12.2022 00:00;TGePeak;875,98;54344,5
22.12.2022 00:00;TGePeak;934,63;52943,5
23.12.2022 00:00;TGePeak;900,89;52985,5
24.12.2022 00:00;TGePeak;887,42;55282,2
25.12.2022 00:00;TGePeak;719,76;43237,6
26.12.2022 00:00;TGePeak;523,51;31806,1
27.12.2022 00:00;TGePeak;346,18;59365,3
28.12.2022 00:00;TGePeak;522,66;60669,4
29.12.2022 00:00;TGePeak;501,23;54210,9
30.12.2022 00:00;TGePeak;459,77;71659
31.12.2022 00:00;TGePeak;476,96;76110,6
01.01.2023 00:00;TGePeak;354;71667
02.01.2023 00:00;TGePeak;256,81;49712,1
